Model,R2,RMSE,MAE,MAPE (%)
Random Forest,0.978702,16.6599,9.8049,7.9619
XGBoost,0.983663,14.5913,8.7386,7.8499
LightGBM,0.983688,14.5802,8.7634,8.143
Ensemble (55% LGBM + 45% XGB),0.983883,14.4928,8.6662,7.8146
